{"vocabulary": {"win": 25, "free": 7, "car": 2, "now": 16, "urgent": 23, "your": 26, "account": 0, "needs": 15, "verification": 24, "hello": 8, "let": 11, "catch": 3, "up": 21, "tomorrow": 20, "meeting": 13, "minutes": 14, "attached": 1, "click": 4, "here": 9, "for": 6, "limited": 12, "time": 19, "offer": 17, "project": 18, "update": 22, "is": 10, "due": 5}, "idf": [2.252762968495368, 2.252762968495368, 2.252762968495368, 2.252762968495368, 2.252762968495368, 2.252762968495368, 2.252762968495368, 2.252762968495368, 2.252762968495368, 2.252762968495368, 2.252762968495368, 2.252762968495368, 2.252762968495368, 2.252762968495368, 2.252762968495368, 2.252762968495368, 2.252762968495368, 2.252762968495368, 2.252762968495368, 2.252762968495368, 2.252762968495368, 2.252762968495368, 2.252762968495368, 2.252762968495368, 2.252762968495368, 2.252762968495368, 1.8472978603872037], "class_log_prior": [-0.6931471805599452, -0.6931471805599452], "feature_log_prob": [[-3.5024889372096846, -3.0467425428013586, -3.5024889372096846, -3.132848887807186, -3.5024889372096846, -3.122256313439858, -3.5024889372096846, -3.5024889372096846, -3.132848887807186, -3.5024889372096846, -3.122256313439858, -3.132848887807186, -3.5024889372096846, -3.0467425428013586, -3.0467425428013586, -3.5024889372096846, -3.5024889372096846, -3.5024889372096846, -3.122256313439858, -3.5024889372096846, -3.132848887807186, -3.132848887807186, -3.122256313439858, -3.5024889372096846, -3.5024889372096846, -3.5024889372096846, -3.1808700773547476], [-3.1366522024148815, -3.516884826184708, -3.1114197180765437, -3.516884826184708, -3.1745382413364025, -3.516884826184708, -3.1745382413364025, -3.1114197180765437, -3.516884826184708, -3.1745382413364025, -3.516884826184708, -3.516884826184708, -3.1745382413364025, -3.516884826184708, -3.516884826184708, -3.1366522024148815, -3.1114197180765437, -3.1745382413364025, -3.516884826184708, -3.1745382413364025, -3.516884826184708, -3.516884826184708, -3.516884826184708, -3.1366522024148815, -3.1366522024148815, -3.1114197180765437, -3.195265966329771]]}